Project,Package,Class,Smell,Description,File
fesod,org.apache.fesod.common.util,MemberUtilsTest.TestPublicClass,Global State,The tool detected the smell in this class because the class can be accessed as a `global` state.,/data/henrique/langchain_prototype/ArchAgent/data/repositories/fesod/fesod-common/src/test/java/org/apache/fesod/common/util/MemberUtilsTest.java
fesod,org.apache.fesod.sheet.analysis.v03,XlsSaxAnalyser,Law of Demeter violation,The tool detected the smell in this method (execute) because the method voilates the law of Demeter. The long chain of method invocations is : org.apache.fesod.sheet.read.processor.AnalysisEventProcessor.endSheet; org.apache.fesod.sheet.context.AnalysisContext.analysisEventProcessor,/data/henrique/langchain_prototype/ArchAgent/data/repositories/fesod/fesod-sheet/src/main/java/org/apache/fesod/sheet/analysis/v03/XlsSaxAnalyser.java
fesod,org.apache.fesod.sheet.analysis.v03,XlsSaxAnalyser,Law of Demeter violation,The tool detected the smell in this method (execute) because the method voilates the law of Demeter. The long chain of method invocations is : org.apache.fesod.sheet.read.processor.AnalysisEventProcessor.endSheet; org.apache.fesod.sheet.context.AnalysisContext.analysisEventProcessor,/data/henrique/langchain_prototype/ArchAgent/data/repositories/fesod/fesod-sheet/src/main/java/org/apache/fesod/sheet/analysis/v03/XlsSaxAnalyser.java
fesod,org.apache.fesod.sheet.analysis.v03,XlsSaxAnalyser,Law of Demeter violation,The tool detected the smell in this method (execute) because the method voilates the law of Demeter. The long chain of method invocations is : org.apache.fesod.sheet.read.processor.AnalysisEventProcessor.endSheet; org.apache.fesod.sheet.context.AnalysisContext.analysisEventProcessor,/data/henrique/langchain_prototype/ArchAgent/data/repositories/fesod/fesod-sheet/src/main/java/org/apache/fesod/sheet/analysis/v03/XlsSaxAnalyser.java
fesod,org.apache.fesod.sheet.analysis.v03.handlers,LabelSstRecordHandler,Law of Demeter violation,The tool detected the smell in this method (processRecord) because the method voilates the law of Demeter. The long chain of method invocations is : org.apache.fesod.sheet.context.AnalysisContext.currentReadHolder; org.apache.fesod.sheet.metadata.ConfigurationHolder.globalConfiguration,/data/henrique/langchain_prototype/ArchAgent/data/repositories/fesod/fesod-sheet/src/main/java/org/apache/fesod/sheet/analysis/v03/handlers/LabelSstRecordHandler.java
fesod,org.apache.fesod.sheet.analysis.v03.handlers,HyperlinkRecordHandler,Law of Demeter violation,The tool detected the smell in this method (processRecord) because the method voilates the law of Demeter. The long chain of method invocations is : org.apache.fesod.sheet.context.AnalysisContext.analysisEventProcessor; org.apache.fesod.sheet.read.processor.AnalysisEventProcessor.extra,/data/henrique/langchain_prototype/ArchAgent/data/repositories/fesod/fesod-sheet/src/main/java/org/apache/fesod/sheet/analysis/v03/handlers/HyperlinkRecordHandler.java
fesod,org.apache.fesod.sheet.analysis.v03.handlers,FormulaRecordHandler,Excessive Dependency,The tool detected the smell in this class because the class depends on too many dependencies. The total number of dependencies is: 8,/data/henrique/langchain_prototype/ArchAgent/data/repositories/fesod/fesod-sheet/src/main/java/org/apache/fesod/sheet/analysis/v03/handlers/FormulaRecordHandler.java
fesod,org.apache.fesod.sheet.analysis.v03.handlers,EofRecordHandler,Law of Demeter violation,The tool detected the smell in this method (processRecord) because the method voilates the law of Demeter. The long chain of method invocations is : org.apache.fesod.sheet.read.processor.AnalysisEventProcessor.endSheet; org.apache.fesod.sheet.context.AnalysisContext.analysisEventProcessor,/data/henrique/langchain_prototype/ArchAgent/data/repositories/fesod/fesod-sheet/src/main/java/org/apache/fesod/sheet/analysis/v03/handlers/EofRecordHandler.java
fesod,org.apache.fesod.sheet.analysis.v03.handlers,EofRecordHandler,Law of Demeter violation,The tool detected the smell in this method (processRecord) because the method voilates the law of Demeter. The long chain of method invocations is : org.apache.fesod.sheet.read.processor.AnalysisEventProcessor.endRow; org.apache.fesod.sheet.context.AnalysisContext.analysisEventProcessor,/data/henrique/langchain_prototype/ArchAgent/data/repositories/fesod/fesod-sheet/src/main/java/org/apache/fesod/sheet/analysis/v03/handlers/EofRecordHandler.java
fesod,org.apache.fesod.sheet.analysis.v03.handlers,EofRecordHandler,Law of Demeter violation,The tool detected the smell in this method (processRecord) because the method voilates the law of Demeter. The long chain of method invocations is : org.apache.fesod.sheet.read.processor.AnalysisEventProcessor.endSheet; org.apache.fesod.sheet.context.AnalysisContext.analysisEventProcessor,/data/henrique/langchain_prototype/ArchAgent/data/repositories/fesod/fesod-sheet/src/main/java/org/apache/fesod/sheet/analysis/v03/handlers/EofRecordHandler.java
fesod,org.apache.fesod.sheet.analysis.v03.handlers,LabelRecordHandler,Law of Demeter violation,The tool detected the smell in this method (processRecord) because the method voilates the law of Demeter. The long chain of method invocations is : org.apache.fesod.sheet.context.AnalysisContext.currentReadHolder; org.apache.fesod.sheet.metadata.ConfigurationHolder.globalConfiguration,/data/henrique/langchain_prototype/ArchAgent/data/repositories/fesod/fesod-sheet/src/main/java/org/apache/fesod/sheet/analysis/v03/handlers/LabelRecordHandler.java
fesod,org.apache.fesod.sheet.analysis.v03.handlers,BofRecordHandler,Hard-wired Dependency,The tool detected the smell in this class because the class creates objects of concrete classes and uses them. Following concrete classes are instantiated and used: org.apache.fesod.sheet.read.metadata.ReadSheet,/data/henrique/langchain_prototype/ArchAgent/data/repositories/fesod/fesod-sheet/src/main/java/org/apache/fesod/sheet/analysis/v03/handlers/BofRecordHandler.java
fesod,org.apache.fesod.sheet.analysis.v03.handlers,DummyRecordHandler,Law of Demeter violation,The tool detected the smell in this method (processRecord) because the method voilates the law of Demeter. The long chain of method invocations is : org.apache.fesod.sheet.read.processor.AnalysisEventProcessor.endRow; org.apache.fesod.sheet.context.AnalysisContext.analysisEventProcessor,/data/henrique/langchain_prototype/ArchAgent/data/repositories/fesod/fesod-sheet/src/main/java/org/apache/fesod/sheet/analysis/v03/handlers/DummyRecordHandler.java
fesod,org.apache.fesod.sheet.analysis.v03.handlers,MergeCellsRecordHandler,Law of Demeter violation,The tool detected the smell in this method (processRecord) because the method voilates the law of Demeter. The long chain of method invocations is : org.apache.fesod.sheet.context.AnalysisContext.analysisEventProcessor; org.apache.fesod.sheet.read.processor.AnalysisEventProcessor.extra,/data/henrique/langchain_prototype/ArchAgent/data/repositories/fesod/fesod-sheet/src/main/java/org/apache/fesod/sheet/analysis/v03/handlers/MergeCellsRecordHandler.java
fesod,org.apache.fesod.sheet.analysis.v03.handlers,NoteRecordHandler,Law of Demeter violation,The tool detected the smell in this method (processRecord) because the method voilates the law of Demeter. The long chain of method invocations is : org.apache.fesod.sheet.context.AnalysisContext.analysisEventProcessor; org.apache.fesod.sheet.read.processor.AnalysisEventProcessor.extra,/data/henrique/langchain_prototype/ArchAgent/data/repositories/fesod/fesod-sheet/src/main/java/org/apache/fesod/sheet/analysis/v03/handlers/NoteRecordHandler.java
fesod,org.apache.fesod.sheet.analysis.csv,CsvExcelReadExecutor,Hard-wired Dependency,The tool detected the smell in this class because the class creates objects of concrete classes and uses them. Following concrete classes are instantiated and used: org.apache.fesod.sheet.read.metadata.ReadSheet,/data/henrique/langchain_prototype/ArchAgent/data/repositories/fesod/fesod-sheet/src/main/java/org/apache/fesod/sheet/analysis/csv/CsvExcelReadExecutor.java
fesod,org.apache.fesod.sheet.analysis.csv,CsvExcelReadExecutor,Excessive Dependency,The tool detected the smell in this class because the class depends on too many dependencies. The total number of dependencies is: 11,/data/henrique/langchain_prototype/ArchAgent/data/repositories/fesod/fesod-sheet/src/main/java/org/apache/fesod/sheet/analysis/csv/CsvExcelReadExecutor.java
fesod,org.apache.fesod.sheet.analysis.csv,CsvExcelReadExecutor,Law of Demeter violation,The tool detected the smell in this method (execute) because the method voilates the law of Demeter. The long chain of method invocations is : org.apache.fesod.sheet.read.processor.AnalysisEventProcessor.endSheet; org.apache.fesod.sheet.context.AnalysisContext.analysisEventProcessor,/data/henrique/langchain_prototype/ArchAgent/data/repositories/fesod/fesod-sheet/src/main/java/org/apache/fesod/sheet/analysis/csv/CsvExcelReadExecutor.java
fesod,org.apache.fesod.sheet.analysis.csv,CsvExcelReadExecutor,Law of Demeter violation,The tool detected the smell in this method (dealRecord) because the method voilates the law of Demeter. The long chain of method invocations is : org.apache.fesod.sheet.context.csv.CsvReadContext.csvReadWorkbookHolder; org.apache.fesod.sheet.metadata.AbstractHolder.globalConfiguration,/data/henrique/langchain_prototype/ArchAgent/data/repositories/fesod/fesod-sheet/src/main/java/org/apache/fesod/sheet/analysis/csv/CsvExcelReadExecutor.java
fesod,org.apache.fesod.sheet.analysis.csv,CsvExcelReadExecutor,Law of Demeter violation,The tool detected the smell in this method (dealRecord) because the method voilates the law of Demeter. The long chain of method invocations is : org.apache.fesod.sheet.context.csv.CsvReadContext.csvReadWorkbookHolder; org.apache.fesod.sheet.metadata.AbstractHolder.globalConfiguration,/data/henrique/langchain_prototype/ArchAgent/data/repositories/fesod/fesod-sheet/src/main/java/org/apache/fesod/sheet/analysis/csv/CsvExcelReadExecutor.java
fesod,org.apache.fesod.sheet.analysis.csv,CsvExcelReadExecutor,Law of Demeter violation,The tool detected the smell in this method (dealRecord) because the method voilates the law of Demeter. The long chain of method invocations is : org.apache.fesod.sheet.read.processor.AnalysisEventProcessor.endRow; org.apache.fesod.sheet.context.AnalysisContext.analysisEventProcessor,/data/henrique/langchain_prototype/ArchAgent/data/repositories/fesod/fesod-sheet/src/main/java/org/apache/fesod/sheet/analysis/csv/CsvExcelReadExecutor.java
fesod,org.apache.fesod.sheet.analysis,ExcelAnalyserImpl,Hard-wired Dependency,The tool detected the smell in this class because the class creates objects of concrete classes and uses them. Following concrete classes are instantiated and used: org.apache.fesod.sheet.analysis.ExcelReadExecutor; org.apache.fesod.sheet.context.xls.XlsReadContext,/data/henrique/langchain_prototype/ArchAgent/data/repositories/fesod/fesod-sheet/src/main/java/org/apache/fesod/sheet/analysis/ExcelAnalyserImpl.java
fesod,org.apache.fesod.sheet.analysis,ExcelAnalyserImpl,Excessive Dependency,The tool detected the smell in this class because the class depends on too many dependencies. The total number of dependencies is: 20,/data/henrique/langchain_prototype/ArchAgent/data/repositories/fesod/fesod-sheet/src/main/java/org/apache/fesod/sheet/analysis/ExcelAnalyserImpl.java
fesod,org.apache.fesod.sheet.analysis.v07.handlers,MergeCellTagHandler,Law of Demeter violation,The tool detected the smell in this method (startElement) because the method voilates the law of Demeter. The long chain of method invocations is : org.apache.fesod.sheet.context.AnalysisContext.analysisEventProcessor; org.apache.fesod.sheet.read.processor.AnalysisEventProcessor.extra,/data/henrique/langchain_prototype/ArchAgent/data/repositories/fesod/fesod-sheet/src/main/java/org/apache/fesod/sheet/analysis/v07/handlers/MergeCellTagHandler.java
fesod,org.apache.fesod.sheet.analysis.v07.handlers,HyperlinkTagHandler,Law of Demeter violation,The tool detected the smell in this method (startElement) because the method voilates the law of Demeter. The long chain of method invocations is : org.apache.fesod.sheet.context.AnalysisContext.analysisEventProcessor; org.apache.fesod.sheet.read.processor.AnalysisEventProcessor.extra,/data/henrique/langchain_prototype/ArchAgent/data/repositories/fesod/fesod-sheet/src/main/java/org/apache/fesod/sheet/analysis/v07/handlers/HyperlinkTagHandler.java
fesod,org.apache.fesod.sheet.analysis.v07.handlers,CellTagHandler,Excessive Dependency,The tool detected the smell in this class because the class depends on too many dependencies. The total number of dependencies is: 10,/data/henrique/langchain_prototype/ArchAgent/data/repositories/fesod/fesod-sheet/src/main/java/org/apache/fesod/sheet/analysis/v07/handlers/CellTagHandler.java
fesod,org.apache.fesod.sheet.analysis.v07.handlers,CellTagHandler,Law of Demeter violation,The tool detected the smell in this method (startElement) because the method voilates the law of Demeter. The long chain of method invocations is : org.apache.fesod.sheet.context.xlsx.XlsxReadContext.xlsxReadWorkbookHolder; org.apache.fesod.sheet.read.metadata.holder.xlsx.XlsxReadWorkbookHolder.dataFormatData,/data/henrique/langchain_prototype/ArchAgent/data/repositories/fesod/fesod-sheet/src/main/java/org/apache/fesod/sheet/analysis/v07/handlers/CellTagHandler.java
fesod,org.apache.fesod.sheet.analysis.v07.handlers,CellTagHandler,Law of Demeter violation,The tool detected the smell in this method (endElement) because the method voilates the law of Demeter. The long chain of method invocations is : org.apache.fesod.sheet.context.AnalysisContext.readWorkbookHolder; org.apache.fesod.sheet.cache.ReadCache.get,/data/henrique/langchain_prototype/ArchAgent/data/repositories/fesod/fesod-sheet/src/main/java/org/apache/fesod/sheet/analysis/v07/handlers/CellTagHandler.java
fesod,org.apache.fesod.sheet.analysis.v07.handlers,CellTagHandler,Law of Demeter violation,The tool detected the smell in this method (endElement) because the method voilates the law of Demeter. The long chain of method invocations is : org.apache.fesod.sheet.context.AnalysisContext.currentReadHolder; org.apache.fesod.sheet.metadata.ConfigurationHolder.globalConfiguration,/data/henrique/langchain_prototype/ArchAgent/data/repositories/fesod/fesod-sheet/src/main/java/org/apache/fesod/sheet/analysis/v07/handlers/CellTagHandler.java
fesod,org.apache.fesod.sheet.analysis.v07.handlers,RowTagHandler,Excessive Dependency,The tool detected the smell in this class because the class depends on too many dependencies. The total number of dependencies is: 8,/data/henrique/langchain_prototype/ArchAgent/data/repositories/fesod/fesod-sheet/src/main/java/org/apache/fesod/sheet/analysis/v07/handlers/RowTagHandler.java
fesod,org.apache.fesod.sheet.analysis.v07.handlers,RowTagHandler,Law of Demeter violation,The tool detected the smell in this method (startElement) because the method voilates the law of Demeter. The long chain of method invocations is : org.apache.fesod.sheet.read.processor.AnalysisEventProcessor.endRow; org.apache.fesod.sheet.context.AnalysisContext.analysisEventProcessor,/data/henrique/langchain_prototype/ArchAgent/data/repositories/fesod/fesod-sheet/src/main/java/org/apache/fesod/sheet/analysis/v07/handlers/RowTagHandler.java
fesod,org.apache.fesod.sheet.analysis.v07.handlers,RowTagHandler,Law of Demeter violation,The tool detected the smell in this method (endElement) because the method voilates the law of Demeter. The long chain of method invocations is : org.apache.fesod.sheet.read.processor.AnalysisEventProcessor.endRow; org.apache.fesod.sheet.context.AnalysisContext.analysisEventProcessor,/data/henrique/langchain_prototype/ArchAgent/data/repositories/fesod/fesod-sheet/src/main/java/org/apache/fesod/sheet/analysis/v07/handlers/RowTagHandler.java
fesod,org.apache.fesod.sheet.analysis.v07,XlsxSaxAnalyser,Hard-wired Dependency,The tool detected the smell in this class because the class creates objects of concrete classes and uses them. Following concrete classes are instantiated and used: org.apache.fesod.sheet.read.metadata.ReadSheet,/data/henrique/langchain_prototype/ArchAgent/data/repositories/fesod/fesod-sheet/src/main/java/org/apache/fesod/sheet/analysis/v07/XlsxSaxAnalyser.java
fesod,org.apache.fesod.sheet.analysis.v07,XlsxSaxAnalyser,Excessive Dependency,The tool detected the smell in this class because the class depends on too many dependencies. The total number of dependencies is: 11,/data/henrique/langchain_prototype/ArchAgent/data/repositories/fesod/fesod-sheet/src/main/java/org/apache/fesod/sheet/analysis/v07/XlsxSaxAnalyser.java
fesod,org.apache.fesod.sheet.analysis.v07,XlsxSaxAnalyser,Law of Demeter violation,The tool detected the smell in this method (execute) because the method voilates the law of Demeter. The long chain of method invocations is : org.apache.fesod.sheet.read.processor.AnalysisEventProcessor.endSheet; org.apache.fesod.sheet.context.AnalysisContext.analysisEventProcessor,/data/henrique/langchain_prototype/ArchAgent/data/repositories/fesod/fesod-sheet/src/main/java/org/apache/fesod/sheet/analysis/v07/XlsxSaxAnalyser.java
fesod,org.apache.fesod.sheet.analysis.v07,XlsxSaxAnalyser,Law of Demeter violation,The tool detected the smell in this method (readComments) because the method voilates the law of Demeter. The long chain of method invocations is : org.apache.fesod.sheet.context.AnalysisContext.analysisEventProcessor; org.apache.fesod.sheet.read.processor.AnalysisEventProcessor.extra,/data/henrique/langchain_prototype/ArchAgent/data/repositories/fesod/fesod-sheet/src/main/java/org/apache/fesod/sheet/analysis/v07/XlsxSaxAnalyser.java
fesod,org.apache.fesod.sheet,ExcelReader,Hard-wired Dependency,The tool detected the smell in this class because the class creates objects of concrete classes and uses them. Following concrete classes are instantiated and used: org.apache.fesod.sheet.analysis.ExcelAnalyser,/data/henrique/langchain_prototype/ArchAgent/data/repositories/fesod/fesod-sheet/src/main/java/org/apache/fesod/sheet/ExcelReader.java
fesod,org.apache.fesod.sheet,ExcelWriter,Hard-wired Dependency,The tool detected the smell in this class because the class creates objects of concrete classes and uses them. Following concrete classes are instantiated and used: org.apache.fesod.sheet.write.ExcelBuilder,/data/henrique/langchain_prototype/ArchAgent/data/repositories/fesod/fesod-sheet/src/main/java/org/apache/fesod/sheet/ExcelWriter.java
fesod,org.apache.fesod.sheet,FesodSheet,Law of Demeter violation,The tool detected the smell in this method (write) because the method voilates the law of Demeter. The long chain of method invocations is : org.apache.fesod.sheet.write.builder.ExcelWriterBuilder.file; org.apache.fesod.sheet.metadata.AbstractParameterBuilder.headIfNotNull,/data/henrique/langchain_prototype/ArchAgent/data/repositories/fesod/fesod-sheet/src/main/java/org/apache/fesod/sheet/FesodSheet.java
fesod,org.apache.fesod.sheet,FesodSheet,Law of Demeter violation,The tool detected the smell in this method (writerSheet) because the method voilates the law of Demeter. The long chain of method invocations is : org.apache.fesod.sheet.write.builder.ExcelWriterSheetBuilder.sheetNameIfNotNull; org.apache.fesod.sheet.write.builder.ExcelWriterSheetBuilder.sheetNoIfNotNull,/data/henrique/langchain_prototype/ArchAgent/data/repositories/fesod/fesod-sheet/src/main/java/org/apache/fesod/sheet/FesodSheet.java
fesod,org.apache.fesod.sheet,FesodSheet,Law of Demeter violation,The tool detected the smell in this method (read) because the method voilates the law of Demeter. The long chain of method invocations is : org.apache.fesod.sheet.read.builder.AbstractExcelReaderParameterBuilder.registerReadListenerIfNotNull; org.apache.fesod.sheet.metadata.AbstractParameterBuilder.headIfNotNull,/data/henrique/langchain_prototype/ArchAgent/data/repositories/fesod/fesod-sheet/src/main/java/org/apache/fesod/sheet/FesodSheet.java
fesod,org.apache.fesod.sheet,FesodSheet,Law of Demeter violation,The tool detected the smell in this method (read) because the method voilates the law of Demeter. The long chain of method invocations is : org.apache.fesod.sheet.read.builder.AbstractExcelReaderParameterBuilder.registerReadListenerIfNotNull; org.apache.fesod.sheet.metadata.AbstractParameterBuilder.headIfNotNull,/data/henrique/langchain_prototype/ArchAgent/data/repositories/fesod/fesod-sheet/src/main/java/org/apache/fesod/sheet/FesodSheet.java
fesod,org.apache.fesod.sheet,FesodSheet,Law of Demeter violation,The tool detected the smell in this method (read) because the method voilates the law of Demeter. The long chain of method invocations is : org.apache.fesod.sheet.read.builder.ExcelReaderBuilder.file; org.apache.fesod.sheet.read.builder.AbstractExcelReaderParameterBuilder.registerReadListenerIfNotNull; org.apache.fesod.sheet.metadata.AbstractParameterBuilder.headIfNotNull,/data/henrique/langchain_prototype/ArchAgent/data/repositories/fesod/fesod-sheet/src/main/java/org/apache/fesod/sheet/FesodSheet.java
fesod,org.apache.fesod.sheet,FesodSheet,Law of Demeter violation,The tool detected the smell in this method (readSheet) because the method voilates the law of Demeter. The long chain of method invocations is : org.apache.fesod.sheet.read.builder.ExcelReaderSheetBuilder.sheetNoIfNotNull; org.apache.fesod.sheet.read.builder.ExcelReaderSheetBuilder.sheetNameIfNotNull; org.apache.fesod.sheet.read.builder.ExcelReaderSheetBuilder.numRowsIfNotNull,/data/henrique/langchain_prototype/ArchAgent/data/repositories/fesod/fesod-sheet/src/main/java/org/apache/fesod/sheet/FesodSheet.java
fesod,org.apache.fesod.sheet.context,AnalysisContextImpl,Hard-wired Dependency,The tool detected the smell in this class because the class creates objects of concrete classes and uses them. Following concrete classes are instantiated and used: org.apache.fesod.sheet.read.metadata.holder.ReadSheetHolder,/data/henrique/langchain_prototype/ArchAgent/data/repositories/fesod/fesod-sheet/src/main/java/org/apache/fesod/sheet/context/AnalysisContextImpl.java
fesod,org.apache.fesod.sheet.context,AnalysisContextImpl,Excessive Dependency,The tool detected the smell in this class because the class depends on too many dependencies. The total number of dependencies is: 15,/data/henrique/langchain_prototype/ArchAgent/data/repositories/fesod/fesod-sheet/src/main/java/org/apache/fesod/sheet/context/AnalysisContextImpl.java
fesod,org.apache.fesod.sheet.context,WriteContextImpl,Hard-wired Dependency,The tool detected the smell in this class because the class creates objects of concrete classes and uses them. Following concrete classes are instantiated and used: org.apache.fesod.sheet.write.metadata.holder.WriteSheetHolder,/data/henrique/langchain_prototype/ArchAgent/data/repositories/fesod/fesod-sheet/src/main/java/org/apache/fesod/sheet/context/WriteContextImpl.java
fesod,org.apache.fesod.sheet.context,WriteContextImpl,Excessive Dependency,The tool detected the smell in this class because the class depends on too many dependencies. The total number of dependencies is: 26,/data/henrique/langchain_prototype/ArchAgent/data/repositories/fesod/fesod-sheet/src/main/java/org/apache/fesod/sheet/context/WriteContextImpl.java
fesod,org.apache.fesod.sheet.context,WriteContextImpl,Law of Demeter violation,The tool detected the smell in this method (initHead) because the method voilates the law of Demeter. The long chain of method invocations is : org.apache.fesod.sheet.metadata.property.ExcelHeadProperty.hasHead; org.apache.fesod.sheet.write.metadata.holder.WriteHolder.excelWriteHeadProperty,/data/henrique/langchain_prototype/ArchAgent/data/repositories/fesod/fesod-sheet/src/main/java/org/apache/fesod/sheet/context/WriteContextImpl.java
fesod,org.apache.fesod.sheet.converters,Converter,Law of Demeter violation,The tool detected the smell in this method (convertToJavaData) because the method voilates the law of Demeter. The long chain of method invocations is : org.apache.fesod.sheet.context.AnalysisContext.currentReadHolder; org.apache.fesod.sheet.metadata.ConfigurationHolder.globalConfiguration,/data/henrique/langchain_prototype/ArchAgent/data/repositories/fesod/fesod-sheet/src/main/java/org/apache/fesod/sheet/converters/Converter.java
fesod,org.apache.fesod.sheet.converters,Converter,Law of Demeter violation,The tool detected the smell in this method (convertToExcelData) because the method voilates the law of Demeter. The long chain of method invocations is : org.apache.fesod.sheet.metadata.ConfigurationHolder.globalConfiguration; org.apache.fesod.sheet.context.WriteContext.currentWriteHolder,/data/henrique/langchain_prototype/ArchAgent/data/repositories/fesod/fesod-sheet/src/main/java/org/apache/fesod/sheet/converters/Converter.java
fesod,org.apache.fesod.sheet.converters,ConverterKeyBuild.ConverterKey,Global State,The tool detected the smell in this class because the class can be accessed as a `global` state.,/data/henrique/langchain_prototype/ArchAgent/data/repositories/fesod/fesod-sheet/src/main/java/org/apache/fesod/sheet/converters/ConverterKeyBuild.java
fesod,org.apache.fesod.sheet.converters.url,UrlImageConverter,Global State,The tool detected the smell in this class because the class declares global variables. The detected global variables are: urlConnectTimeout (38); urlReadTimeout (39),/data/henrique/langchain_prototype/ArchAgent/data/repositories/fesod/fesod-sheet/src/main/java/org/apache/fesod/sheet/converters/url/UrlImageConverter.java
fesod,org.apache.fesod.sheet.converters.string,StringNumberConverter,Excessive Dependency,The tool detected the smell in this class because the class depends on too many dependencies. The total number of dependencies is: 8,/data/henrique/langchain_prototype/ArchAgent/data/repositories/fesod/fesod-sheet/src/main/java/org/apache/fesod/sheet/converters/string/StringNumberConverter.java
fesod,org.apache.fesod.sheet.constant,OrderConstant,Global State,The tool detected the smell in this class because the class declares global variables. The detected global variables are: DEFAULT_DEFINE_STYLE (29); ANNOTATION_DEFINE_STYLE (34); DEFAULT_ORDER (44); FILL_STYLE (49); SHEET_ORDER (54),/data/henrique/langchain_prototype/ArchAgent/data/repositories/fesod/fesod-sheet/src/main/java/org/apache/fesod/sheet/constant/OrderConstant.java
fesod,org.apache.fesod.sheet.constant,BuiltinFormats,Global State,The tool detected the smell in this class because the class declares global variables. The detected global variables are: GENERAL (44),/data/henrique/langchain_prototype/ArchAgent/data/repositories/fesod/fesod-sheet/src/main/java/org/apache/fesod/sheet/constant/BuiltinFormats.java
fesod,org.apache.fesod.sheet.write,ExcelBuilderImpl,Hard-wired Dependency,The tool detected the smell in this class because the class creates objects of concrete classes and uses them. Following concrete classes are instantiated and used: org.apache.fesod.sheet.write.executor.ExcelWriteFillExecutor; org.apache.fesod.sheet.context.WriteContext; org.apache.fesod.sheet.write.executor.ExcelWriteAddExecutor,/data/henrique/langchain_prototype/ArchAgent/data/repositories/fesod/fesod-sheet/src/main/java/org/apache/fesod/sheet/write/ExcelBuilderImpl.java
fesod,org.apache.fesod.sheet.write,ExcelBuilderImpl,Excessive Dependency,The tool detected the smell in this class because the class depends on too many dependencies. The total number of dependencies is: 11,/data/henrique/langchain_prototype/ArchAgent/data/repositories/fesod/fesod-sheet/src/main/java/org/apache/fesod/sheet/write/ExcelBuilderImpl.java
fesod,org.apache.fesod.sheet.write.handler.context,CellWriteHandlerContext,Excessive Dependency,The tool detected the smell in this class because the class depends on too many dependencies. The total number of dependencies is: 9,/data/henrique/langchain_prototype/ArchAgent/data/repositories/fesod/fesod-sheet/src/main/java/org/apache/fesod/sheet/write/handler/context/CellWriteHandlerContext.java
fesod,org.apache.fesod.sheet.write.property,ExcelWriteHeadProperty,Excessive Dependency,The tool detected the smell in this class because the class depends on too many dependencies. The total number of dependencies is: 10,/data/henrique/langchain_prototype/ArchAgent/data/repositories/fesod/fesod-sheet/src/main/java/org/apache/fesod/sheet/write/property/ExcelWriteHeadProperty.java
fesod,org.apache.fesod.sheet.write.builder,ExcelWriterBuilder,Hard-wired Dependency,The tool detected the smell in this class because the class creates objects of concrete classes and uses them. Following concrete classes are instantiated and used: org.apache.fesod.sheet.write.builder.ExcelWriterSheetBuilder,/data/henrique/langchain_prototype/ArchAgent/data/repositories/fesod/fesod-sheet/src/main/java/org/apache/fesod/sheet/write/builder/ExcelWriterBuilder.java
fesod,org.apache.fesod.sheet.write.builder,ExcelWriterSheetBuilder,Hard-wired Dependency,The tool detected the smell in this class because the class creates objects of concrete classes and uses them. Following concrete classes are instantiated and used: org.apache.fesod.sheet.write.builder.ExcelWriterTableBuilder,/data/henrique/langchain_prototype/ArchAgent/data/repositories/fesod/fesod-sheet/src/main/java/org/apache/fesod/sheet/write/builder/ExcelWriterSheetBuilder.java
fesod,org.apache.fesod.sheet.write.executor,AbstractExcelWriteExecutor,Excessive Dependency,The tool detected the smell in this class because the class depends on too many dependencies. The total number of dependencies is: 17,/data/henrique/langchain_prototype/ArchAgent/data/repositories/fesod/fesod-sheet/src/main/java/org/apache/fesod/sheet/write/executor/AbstractExcelWriteExecutor.java
fesod,org.apache.fesod.sheet.write.executor,AbstractExcelWriteExecutor,Law of Demeter violation,The tool detected the smell in this method (doConvert) because the method voilates the law of Demeter. The long chain of method invocations is : org.apache.fesod.sheet.metadata.ConfigurationHolder.converterMap; org.apache.fesod.sheet.context.WriteContext.currentWriteHolder,/data/henrique/langchain_prototype/ArchAgent/data/repositories/fesod/fesod-sheet/src/main/java/org/apache/fesod/sheet/write/executor/AbstractExcelWriteExecutor.java
fesod,org.apache.fesod.sheet.write.executor,ExcelWriteFillExecutor,Excessive Dependency,The tool detected the smell in this class because the class depends on too many dependencies. The total number of dependencies is: 21,/data/henrique/langchain_prototype/ArchAgent/data/repositories/fesod/fesod-sheet/src/main/java/org/apache/fesod/sheet/write/executor/ExcelWriteFillExecutor.java
fesod,org.apache.fesod.sheet.write.executor,ExcelWriteFillExecutor,Law of Demeter violation,The tool detected the smell in this method (doFill) because the method voilates the law of Demeter. The long chain of method invocations is : org.apache.fesod.sheet.context.WriteContext.currentWriteHolder; org.apache.fesod.sheet.write.metadata.holder.WriteHolder.excelWriteHeadProperty,/data/henrique/langchain_prototype/ArchAgent/data/repositories/fesod/fesod-sheet/src/main/java/org/apache/fesod/sheet/write/executor/ExcelWriteFillExecutor.java
fesod,org.apache.fesod.sheet.write.executor,ExcelWriteFillExecutor,Law of Demeter violation,The tool detected the smell in this method (doFill) because the method voilates the law of Demeter. The long chain of method invocations is : org.apache.fesod.sheet.context.WriteContext.currentWriteHolder; org.apache.fesod.sheet.write.metadata.holder.WriteHolder.excelWriteHeadProperty,/data/henrique/langchain_prototype/ArchAgent/data/repositories/fesod/fesod-sheet/src/main/java/org/apache/fesod/sheet/write/executor/ExcelWriteFillExecutor.java
fesod,org.apache.fesod.sheet.write.executor,ExcelWriteFillExecutor.UniqueDataFlagKey,Global State,The tool detected the smell in this class because the class can be accessed as a `global` state.,/data/henrique/langchain_prototype/ArchAgent/data/repositories/fesod/fesod-sheet/src/main/java/org/apache/fesod/sheet/write/executor/ExcelWriteFillExecutor.java
fesod,org.apache.fesod.sheet.write.executor,ExcelWriteAddExecutor,Excessive Dependency,The tool detected the smell in this class because the class depends on too many dependencies. The total number of dependencies is: 17,/data/henrique/langchain_prototype/ArchAgent/data/repositories/fesod/fesod-sheet/src/main/java/org/apache/fesod/sheet/write/executor/ExcelWriteAddExecutor.java
fesod,org.apache.fesod.sheet.write.executor,ExcelWriteAddExecutor,Law of Demeter violation,The tool detected the smell in this method (add) because the method voilates the law of Demeter. The long chain of method invocations is : org.apache.fesod.sheet.write.metadata.holder.WriteHolder.relativeHeadRowIndex; org.apache.fesod.sheet.context.WriteContext.currentWriteHolder,/data/henrique/langchain_prototype/ArchAgent/data/repositories/fesod/fesod-sheet/src/main/java/org/apache/fesod/sheet/write/executor/ExcelWriteAddExecutor.java
fesod,org.apache.fesod.sheet.write.executor,ExcelWriteAddExecutor,Law of Demeter violation,The tool detected the smell in this method (addBasicTypeToExcel) because the method voilates the law of Demeter. The long chain of method invocations is : org.apache.fesod.sheet.context.WriteContext.currentWriteHolder; org.apache.fesod.sheet.write.metadata.holder.WriteHolder.excelWriteHeadProperty,/data/henrique/langchain_prototype/ArchAgent/data/repositories/fesod/fesod-sheet/src/main/java/org/apache/fesod/sheet/write/executor/ExcelWriteAddExecutor.java
fesod,org.apache.fesod.sheet.write.executor,ExcelWriteAddExecutor,Law of Demeter violation,The tool detected the smell in this method (doAddBasicTypeToExcel) because the method voilates the law of Demeter. The long chain of method invocations is : org.apache.fesod.sheet.context.WriteContext.currentWriteHolder; org.apache.fesod.sheet.write.metadata.holder.WriteHolder.excelWriteHeadProperty,/data/henrique/langchain_prototype/ArchAgent/data/repositories/fesod/fesod-sheet/src/main/java/org/apache/fesod/sheet/write/executor/ExcelWriteAddExecutor.java
fesod,org.apache.fesod.sheet.write.executor,ExcelWriteAddExecutor,Law of Demeter violation,The tool detected the smell in this method (addJavaObjectToExcel) because the method voilates the law of Demeter. The long chain of method invocations is : org.apache.fesod.sheet.context.WriteContext.currentWriteHolder; org.apache.fesod.sheet.write.metadata.holder.WriteHolder.excelWriteHeadProperty,/data/henrique/langchain_prototype/ArchAgent/data/repositories/fesod/fesod-sheet/src/main/java/org/apache/fesod/sheet/write/executor/ExcelWriteAddExecutor.java
fesod,org.apache.fesod.sheet.write.executor,ExcelWriteAddExecutor,Law of Demeter violation,The tool detected the smell in this method (addJavaObjectToExcel) because the method voilates the law of Demeter. The long chain of method invocations is : org.apache.fesod.sheet.context.WriteContext.currentWriteHolder; org.apache.fesod.sheet.write.metadata.holder.WriteHolder.excelWriteHeadProperty,/data/henrique/langchain_prototype/ArchAgent/data/repositories/fesod/fesod-sheet/src/main/java/org/apache/fesod/sheet/write/executor/ExcelWriteAddExecutor.java
fesod,org.apache.fesod.sheet.write.metadata.holder,WriteWorkbookHolder,Hard-wired Dependency,The tool detected the smell in this class because the class creates objects of concrete classes and uses them. Following concrete classes are instantiated and used: org.apache.fesod.sheet.write.metadata.style.WriteFont; org.apache.fesod.sheet.metadata.data.DataFormatData; org.apache.fesod.sheet.write.metadata.style.WriteCellStyle,/data/henrique/langchain_prototype/ArchAgent/data/repositories/fesod/fesod-sheet/src/main/java/org/apache/fesod/sheet/write/metadata/holder/WriteWorkbookHolder.java
fesod,org.apache.fesod.sheet.write.metadata.holder,WriteWorkbookHolder,Excessive Dependency,The tool detected the smell in this class because the class depends on too many dependencies. The total number of dependencies is: 13,/data/henrique/langchain_prototype/ArchAgent/data/repositories/fesod/fesod-sheet/src/main/java/org/apache/fesod/sheet/write/metadata/holder/WriteWorkbookHolder.java
fesod,org.apache.fesod.sheet.write.metadata.holder,AbstractWriteHolder,Hard-wired Dependency,The tool detected the smell in this class because the class creates objects of concrete classes and uses them. Following concrete classes are instantiated and used: org.apache.fesod.sheet.write.handler.chain.SheetHandlerExecutionChain; org.apache.fesod.sheet.write.handler.chain.WorkbookHandlerExecutionChain; org.apache.fesod.sheet.write.handler.chain.RowHandlerExecutionChain; org.apache.fesod.sheet.write.handler.chain.CellHandlerExecutionChain,/data/henrique/langchain_prototype/ArchAgent/data/repositories/fesod/fesod-sheet/src/main/java/org/apache/fesod/sheet/write/metadata/holder/AbstractWriteHolder.java
fesod,org.apache.fesod.sheet.write.metadata.holder,AbstractWriteHolder,Excessive Dependency,The tool detected the smell in this class because the class depends on too many dependencies. The total number of dependencies is: 22,/data/henrique/langchain_prototype/ArchAgent/data/repositories/fesod/fesod-sheet/src/main/java/org/apache/fesod/sheet/write/metadata/holder/AbstractWriteHolder.java
fesod,org.apache.fesod.sheet.util,NumberDataFormatterUtils,Hard-wired Dependency,The tool detected the smell in this class because the class creates objects of concrete classes and uses them. Following concrete classes are instantiated and used: org.apache.fesod.sheet.metadata.format.DataFormatter,/data/henrique/langchain_prototype/ArchAgent/data/repositories/fesod/fesod-sheet/src/main/java/org/apache/fesod/sheet/util/NumberDataFormatterUtils.java
fesod,org.apache.fesod.sheet.util,ClassUtils,Excessive Dependency,The tool detected the smell in this class because the class depends on too many dependencies. The total number of dependencies is: 12,/data/henrique/langchain_prototype/ArchAgent/data/repositories/fesod/fesod-sheet/src/main/java/org/apache/fesod/sheet/util/ClassUtils.java
fesod,org.apache.fesod.sheet.util,ClassUtils.ContentPropertyKey,Global State,The tool detected the smell in this class because the class can be accessed as a `global` state.,/data/henrique/langchain_prototype/ArchAgent/data/repositories/fesod/fesod-sheet/src/main/java/org/apache/fesod/sheet/util/ClassUtils.java
fesod,org.apache.fesod.sheet.util,ClassUtils.FieldCacheKey,Global State,The tool detected the smell in this class because the class can be accessed as a `global` state.,/data/henrique/langchain_prototype/ArchAgent/data/repositories/fesod/fesod-sheet/src/main/java/org/apache/fesod/sheet/util/ClassUtils.java
fesod,org.apache.fesod.sheet.util,DateUtils,Global State,The tool detected the smell in this class because the class declares global variables. The detected global variables are: defaultDateFormat (81); defaultLocalDateFormat (83),/data/henrique/langchain_prototype/ArchAgent/data/repositories/fesod/fesod-sheet/src/main/java/org/apache/fesod/sheet/util/DateUtils.java
fesod,org.apache.fesod.sheet.util,StyleUtil,Excessive Dependency,The tool detected the smell in this class because the class depends on too many dependencies. The total number of dependencies is: 9,/data/henrique/langchain_prototype/ArchAgent/data/repositories/fesod/fesod-sheet/src/main/java/org/apache/fesod/sheet/util/StyleUtil.java
fesod,org.apache.fesod.sheet.util,WriteHandlerUtils,Excessive Dependency,The tool detected the smell in this class because the class depends on too many dependencies. The total number of dependencies is: 12,/data/henrique/langchain_prototype/ArchAgent/data/repositories/fesod/fesod-sheet/src/main/java/org/apache/fesod/sheet/util/WriteHandlerUtils.java
fesod,org.apache.fesod.sheet.util,BeanMapUtils.FesodSheetNamingPolicy,Global State,The tool detected the smell in this class because the class can be accessed as a `global` state.,/data/henrique/langchain_prototype/ArchAgent/data/repositories/fesod/fesod-sheet/src/main/java/org/apache/fesod/sheet/util/BeanMapUtils.java
fesod,org.apache.fesod.sheet.util,FileTypeUtils,Global State,The tool detected the smell in this class because the class declares global variables. The detected global variables are: defaultImageType (39),/data/henrique/langchain_prototype/ArchAgent/data/repositories/fesod/fesod-sheet/src/main/java/org/apache/fesod/sheet/util/FileTypeUtils.java
fesod,org.apache.fesod.sheet.util,ConverterUtils,Global State,The tool detected the smell in this class because the class declares global variables. The detected global variables are: defaultClassGeneric (46),/data/henrique/langchain_prototype/ArchAgent/data/repositories/fesod/fesod-sheet/src/main/java/org/apache/fesod/sheet/util/ConverterUtils.java
fesod,org.apache.fesod.sheet.util,ConverterUtils,Excessive Dependency,The tool detected the smell in this class because the class depends on too many dependencies. The total number of dependencies is: 8,/data/henrique/langchain_prototype/ArchAgent/data/repositories/fesod/fesod-sheet/src/main/java/org/apache/fesod/sheet/util/ConverterUtils.java
fesod,org.apache.fesod.sheet.util,ConverterUtils,Law of Demeter violation,The tool detected the smell in this method (convertToStringMap) because the method voilates the law of Demeter. The long chain of method invocations is : org.apache.fesod.sheet.read.metadata.holder.ReadRowHolder.getRowIndex; org.apache.fesod.sheet.context.AnalysisContext.readRowHolder,/data/henrique/langchain_prototype/ArchAgent/data/repositories/fesod/fesod-sheet/src/main/java/org/apache/fesod/sheet/util/ConverterUtils.java
fesod,org.apache.fesod.sheet.util,ConverterUtils,Law of Demeter violation,The tool detected the smell in this method (convertToStringMap) because the method voilates the law of Demeter. The long chain of method invocations is : org.apache.fesod.sheet.read.metadata.holder.ReadRowHolder.getRowIndex; org.apache.fesod.sheet.context.AnalysisContext.readRowHolder,/data/henrique/langchain_prototype/ArchAgent/data/repositories/fesod/fesod-sheet/src/main/java/org/apache/fesod/sheet/util/ConverterUtils.java
fesod,org.apache.fesod.sheet.util,FieldUtils,Global State,The tool detected the smell in this class because the class declares global variables. The detected global variables are: nullObjectClass (32),/data/henrique/langchain_prototype/ArchAgent/data/repositories/fesod/fesod-sheet/src/main/java/org/apache/fesod/sheet/util/FieldUtils.java
fesod,org.apache.fesod.sheet.util,TestFileUtil.TestPathBuild,Global State,The tool detected the smell in this class because the class can be accessed as a `global` state.,/data/henrique/langchain_prototype/ArchAgent/data/repositories/fesod/fesod-sheet/src/test/java/org/apache/fesod/sheet/util/TestFileUtil.java
fesod,org.apache.fesod.sheet.util,TestFileUtil.TestPathBuild,Global State,The tool detected the smell in this class because the class can be accessed as a `global` state.,/data/henrique/langchain_prototype/ArchAgent/data/repositories/fesod/fesod-examples/fesod-sheet-examples/src/test/java/org/apache/fesod/sheet/util/TestFileUtil.java
fesod,org.apache.fesod.sheet.read.listener,ReadListener,Law of Demeter violation,The tool detected the smell in this method (hasNext) because the method voilates the law of Demeter. The long chain of method invocations is : org.apache.fesod.sheet.read.metadata.ReadSheet.getNumRows; org.apache.fesod.sheet.context.AnalysisContext.readSheetHolder,/data/henrique/langchain_prototype/ArchAgent/data/repositories/fesod/fesod-sheet/src/main/java/org/apache/fesod/sheet/read/listener/ReadListener.java
fesod,org.apache.fesod.sheet.read.listener,PageReadListener,Global State,The tool detected the smell in this class because the class declares global variables. The detected global variables are: BATCH_COUNT (34),/data/henrique/langchain_prototype/ArchAgent/data/repositories/fesod/fesod-sheet/src/main/java/org/apache/fesod/sheet/read/listener/PageReadListener.java
fesod,org.apache.fesod.sheet.read.listener,ModelBuildEventListener,Excessive Dependency,The tool detected the smell in this class because the class depends on too many dependencies. The total number of dependencies is: 14,/data/henrique/langchain_prototype/ArchAgent/data/repositories/fesod/fesod-sheet/src/main/java/org/apache/fesod/sheet/read/listener/ModelBuildEventListener.java
fesod,org.apache.fesod.sheet.read.listener,ModelBuildEventListener,Law of Demeter violation,The tool detected the smell in this method (invoke) because the method voilates the law of Demeter. The long chain of method invocations is : org.apache.fesod.sheet.read.metadata.holder.ReadRowHolder.setCurrentRowAnalysisResult; org.apache.fesod.sheet.context.AnalysisContext.readRowHolder,/data/henrique/langchain_prototype/ArchAgent/data/repositories/fesod/fesod-sheet/src/main/java/org/apache/fesod/sheet/read/listener/ModelBuildEventListener.java
fesod,org.apache.fesod.sheet.read.listener,ModelBuildEventListener,Law of Demeter violation,The tool detected the smell in this method (invoke) because the method voilates the law of Demeter. The long chain of method invocations is : org.apache.fesod.sheet.read.metadata.holder.ReadRowHolder.setCurrentRowAnalysisResult; org.apache.fesod.sheet.context.AnalysisContext.readRowHolder,/data/henrique/langchain_prototype/ArchAgent/data/repositories/fesod/fesod-sheet/src/main/java/org/apache/fesod/sheet/read/listener/ModelBuildEventListener.java
fesod,org.apache.fesod.sheet.read.listener,ModelBuildEventListener,Law of Demeter violation,The tool detected the smell in this method (buildNoModel) because the method voilates the law of Demeter. The long chain of method invocations is : org.apache.fesod.sheet.read.metadata.holder.ReadRowHolder.getRowIndex; org.apache.fesod.sheet.context.AnalysisContext.readRowHolder,/data/henrique/langchain_prototype/ArchAgent/data/repositories/fesod/fesod-sheet/src/main/java/org/apache/fesod/sheet/read/listener/ModelBuildEventListener.java
fesod,org.apache.fesod.sheet.read.listener,ModelBuildEventListener,Law of Demeter violation,The tool detected the smell in this method (convertReadCellData) because the method voilates the law of Demeter. The long chain of method invocations is : org.apache.fesod.sheet.read.metadata.holder.ReadRowHolder.getRowIndex; org.apache.fesod.sheet.context.AnalysisContext.readRowHolder,/data/henrique/langchain_prototype/ArchAgent/data/repositories/fesod/fesod-sheet/src/main/java/org/apache/fesod/sheet/read/listener/ModelBuildEventListener.java
fesod,org.apache.fesod.sheet.read.listener,ModelBuildEventListener,Law of Demeter violation,The tool detected the smell in this method (buildUserModel) because the method voilates the law of Demeter. The long chain of method invocations is : org.apache.fesod.sheet.read.metadata.holder.ReadRowHolder.getRowIndex; org.apache.fesod.sheet.context.AnalysisContext.readRowHolder,/data/henrique/langchain_prototype/ArchAgent/data/repositories/fesod/fesod-sheet/src/main/java/org/apache/fesod/sheet/read/listener/ModelBuildEventListener.java
fesod,org.apache.fesod.sheet.read.listener,ModelBuildEventListener,Law of Demeter violation,The tool detected the smell in this method (buildUserModel) because the method voilates the law of Demeter. The long chain of method invocations is : org.apache.fesod.sheet.read.metadata.holder.ReadRowHolder.getRowIndex; org.apache.fesod.sheet.context.AnalysisContext.readRowHolder,/data/henrique/langchain_prototype/ArchAgent/data/repositories/fesod/fesod-sheet/src/main/java/org/apache/fesod/sheet/read/listener/ModelBuildEventListener.java
fesod,org.apache.fesod.sheet.read.processor,DefaultAnalysisEventProcessor,Excessive Dependency,The tool detected the smell in this class because the class depends on too many dependencies. The total number of dependencies is: 12,/data/henrique/langchain_prototype/ArchAgent/data/repositories/fesod/fesod-sheet/src/main/java/org/apache/fesod/sheet/read/processor/DefaultAnalysisEventProcessor.java
fesod,org.apache.fesod.sheet.read.processor,DefaultAnalysisEventProcessor,Law of Demeter violation,The tool detected the smell in this method (endRow) because the method voilates the law of Demeter. The long chain of method invocations is : org.apache.fesod.sheet.read.metadata.holder.ReadRowHolder.getRowType; org.apache.fesod.sheet.context.AnalysisContext.readRowHolder,/data/henrique/langchain_prototype/ArchAgent/data/repositories/fesod/fesod-sheet/src/main/java/org/apache/fesod/sheet/read/processor/DefaultAnalysisEventProcessor.java
fesod,org.apache.fesod.sheet.read.processor,DefaultAnalysisEventProcessor,Law of Demeter violation,The tool detected the smell in this method (endSheet) because the method voilates the law of Demeter. The long chain of method invocations is : org.apache.fesod.sheet.read.metadata.holder.ReadHolder.readListenerList; org.apache.fesod.sheet.context.AnalysisContext.currentReadHolder,/data/henrique/langchain_prototype/ArchAgent/data/repositories/fesod/fesod-sheet/src/main/java/org/apache/fesod/sheet/read/processor/DefaultAnalysisEventProcessor.java
fesod,org.apache.fesod.sheet.read.processor,DefaultAnalysisEventProcessor,Law of Demeter violation,The tool detected the smell in this method (dealExtra) because the method voilates the law of Demeter. The long chain of method invocations is : org.apache.fesod.sheet.read.metadata.holder.ReadHolder.readListenerList; org.apache.fesod.sheet.context.AnalysisContext.currentReadHolder,/data/henrique/langchain_prototype/ArchAgent/data/repositories/fesod/fesod-sheet/src/main/java/org/apache/fesod/sheet/read/processor/DefaultAnalysisEventProcessor.java
fesod,org.apache.fesod.sheet.read.processor,DefaultAnalysisEventProcessor,Law of Demeter violation,The tool detected the smell in this method (onException) because the method voilates the law of Demeter. The long chain of method invocations is : org.apache.fesod.sheet.read.metadata.holder.ReadHolder.readListenerList; org.apache.fesod.sheet.context.AnalysisContext.currentReadHolder,/data/henrique/langchain_prototype/ArchAgent/data/repositories/fesod/fesod-sheet/src/main/java/org/apache/fesod/sheet/read/processor/DefaultAnalysisEventProcessor.java
fesod,org.apache.fesod.sheet.read.processor,DefaultAnalysisEventProcessor,Law of Demeter violation,The tool detected the smell in this method (dealData) because the method voilates the law of Demeter. The long chain of method invocations is : org.apache.fesod.sheet.read.metadata.holder.ReadHolder.readListenerList; org.apache.fesod.sheet.context.AnalysisContext.currentReadHolder,/data/henrique/langchain_prototype/ArchAgent/data/repositories/fesod/fesod-sheet/src/main/java/org/apache/fesod/sheet/read/processor/DefaultAnalysisEventProcessor.java
fesod,org.apache.fesod.sheet.read.processor,DefaultAnalysisEventProcessor,Law of Demeter violation,The tool detected the smell in this method (buildHead) because the method voilates the law of Demeter. The long chain of method invocations is : org.apache.fesod.sheet.read.metadata.holder.ReadHolder.excelReadHeadProperty; org.apache.fesod.sheet.context.AnalysisContext.currentReadHolder,/data/henrique/langchain_prototype/ArchAgent/data/repositories/fesod/fesod-sheet/src/main/java/org/apache/fesod/sheet/read/processor/DefaultAnalysisEventProcessor.java
fesod,org.apache.fesod.sheet.read.processor,DefaultAnalysisEventProcessor,Law of Demeter violation,The tool detected the smell in this method (buildHead) because the method voilates the law of Demeter. The long chain of method invocations is : org.apache.fesod.sheet.read.metadata.holder.AbstractReadHolder.excelReadHeadProperty; org.apache.fesod.sheet.context.AnalysisContext.readSheetHolder,/data/henrique/langchain_prototype/ArchAgent/data/repositories/fesod/fesod-sheet/src/main/java/org/apache/fesod/sheet/read/processor/DefaultAnalysisEventProcessor.java
fesod,org.apache.fesod.sheet.read.processor,DefaultAnalysisEventProcessor,Law of Demeter violation,The tool detected the smell in this method (buildHead) because the method voilates the law of Demeter. The long chain of method invocations is : org.apache.fesod.sheet.context.AnalysisContext.currentReadHolder; org.apache.fesod.sheet.metadata.ConfigurationHolder.globalConfiguration,/data/henrique/langchain_prototype/ArchAgent/data/repositories/fesod/fesod-sheet/src/main/java/org/apache/fesod/sheet/read/processor/DefaultAnalysisEventProcessor.java
fesod,org.apache.fesod.sheet.read.processor,DefaultAnalysisEventProcessor,Law of Demeter violation,The tool detected the smell in this method (buildHead) because the method voilates the law of Demeter. The long chain of method invocations is : org.apache.fesod.sheet.context.AnalysisContext.currentReadHolder; org.apache.fesod.sheet.metadata.ConfigurationHolder.globalConfiguration,/data/henrique/langchain_prototype/ArchAgent/data/repositories/fesod/fesod-sheet/src/main/java/org/apache/fesod/sheet/read/processor/DefaultAnalysisEventProcessor.java
fesod,org.apache.fesod.sheet.read.builder,ExcelReaderSheetBuilder,Hard-wired Dependency,The tool detected the smell in this class because the class creates objects of concrete classes and uses them. Following concrete classes are instantiated and used: org.apache.fesod.sheet.event.SyncReadListener; org.apache.fesod.sheet.read.metadata.ReadSheet,/data/henrique/langchain_prototype/ArchAgent/data/repositories/fesod/fesod-sheet/src/main/java/org/apache/fesod/sheet/read/builder/ExcelReaderSheetBuilder.java
fesod,org.apache.fesod.sheet.read.builder,ExcelReaderBuilder,Hard-wired Dependency,The tool detected the smell in this class because the class creates objects of concrete classes and uses them. Following concrete classes are instantiated and used: org.apache.fesod.sheet.event.SyncReadListener; org.apache.fesod.sheet.read.builder.ExcelReaderSheetBuilder,/data/henrique/langchain_prototype/ArchAgent/data/repositories/fesod/fesod-sheet/src/main/java/org/apache/fesod/sheet/read/builder/ExcelReaderBuilder.java
fesod,org.apache.fesod.sheet.read.builder,ExcelReaderBuilder,Excessive Dependency,The tool detected the smell in this class because the class depends on too many dependencies. The total number of dependencies is: 10,/data/henrique/langchain_prototype/ArchAgent/data/repositories/fesod/fesod-sheet/src/main/java/org/apache/fesod/sheet/read/builder/ExcelReaderBuilder.java
fesod,org.apache.fesod.sheet.read.builder,CsvReaderBuilder,Hard-wired Dependency,The tool detected the smell in this class because the class creates objects of concrete classes and uses them. Following concrete classes are instantiated and used: org.apache.fesod.sheet.event.SyncReadListener,/data/henrique/langchain_prototype/ArchAgent/data/repositories/fesod/fesod-sheet/src/main/java/org/apache/fesod/sheet/read/builder/CsvReaderBuilder.java
fesod,org.apache.fesod.sheet.read.metadata.holder,ReadWorkbookHolder,Excessive Dependency,The tool detected the smell in this class because the class depends on too many dependencies. The total number of dependencies is: 8,/data/henrique/langchain_prototype/ArchAgent/data/repositories/fesod/fesod-sheet/src/main/java/org/apache/fesod/sheet/read/metadata/holder/ReadWorkbookHolder.java
fesod,org.apache.fesod.sheet.metadata.data,RichTextStringData.IntervalFont,Global State,The tool detected the smell in this class because the class can be accessed as a `global` state.,/data/henrique/langchain_prototype/ArchAgent/data/repositories/fesod/fesod-sheet/src/main/java/org/apache/fesod/sheet/metadata/data/RichTextStringData.java
fesod,org.apache.fesod.sheet.metadata.csv,CsvSheet,Hard-wired Dependency,The tool detected the smell in this class because the class creates objects of concrete classes and uses them. Following concrete classes are instantiated and used: org.apache.fesod.sheet.metadata.csv.CsvRow,/data/henrique/langchain_prototype/ArchAgent/data/repositories/fesod/fesod-sheet/src/main/java/org/apache/fesod/sheet/metadata/csv/CsvSheet.java
fesod,org.apache.fesod.sheet.metadata.csv,CsvSheet,Excessive Dependency,The tool detected the smell in this class because the class depends on too many dependencies. The total number of dependencies is: 10,/data/henrique/langchain_prototype/ArchAgent/data/repositories/fesod/fesod-sheet/src/main/java/org/apache/fesod/sheet/metadata/csv/CsvSheet.java
fesod,org.apache.fesod.sheet.metadata.csv,CsvWorkbook,Hard-wired Dependency,The tool detected the smell in this class because the class creates objects of concrete classes and uses them. Following concrete classes are instantiated and used: org.apache.fesod.sheet.metadata.csv.CsvSheet,/data/henrique/langchain_prototype/ArchAgent/data/repositories/fesod/fesod-sheet/src/main/java/org/apache/fesod/sheet/metadata/csv/CsvWorkbook.java
fesod,org.apache.fesod.sheet.parameter,DateWindowingListener,Law of Demeter violation,The tool detected the smell in this method (doAfterAllAnalysed) because the method voilates the law of Demeter. The long chain of method invocations is : org.apache.fesod.sheet.context.AnalysisContext.readWorkbookHolder; org.apache.fesod.sheet.metadata.AbstractHolder.globalConfiguration,/data/henrique/langchain_prototype/ArchAgent/data/repositories/fesod/fesod-sheet/src/test/java/org/apache/fesod/sheet/parameter/DateWindowingListener.java
fesod,org.apache.fesod.sheet.fuzz,XlsReadFuzzTest,Law of Demeter violation,The tool detected the smell in this method (fuzzXls) because the method voilates the law of Demeter. The long chain of method invocations is : org.apache.fesod.sheet.read.builder.ExcelReaderSheetBuilder.doReadSync; org.apache.fesod.sheet.read.builder.ExcelReaderBuilder.sheet,/data/henrique/langchain_prototype/ArchAgent/data/repositories/fesod/fesod-sheet/src/test/java/org/apache/fesod/sheet/fuzz/XlsReadFuzzTest.java
fesod,org.apache.fesod.sheet.fuzz,ExcelReadFuzzTest,Law of Demeter violation,The tool detected the smell in this method (fuzzRead) because the method voilates the law of Demeter. The long chain of method invocations is : org.apache.fesod.sheet.read.builder.ExcelReaderSheetBuilder.doReadSync; org.apache.fesod.sheet.read.builder.ExcelReaderBuilder.sheet,/data/henrique/langchain_prototype/ArchAgent/data/repositories/fesod/fesod-sheet/src/test/java/org/apache/fesod/sheet/fuzz/ExcelReadFuzzTest.java
fesod,org.apache.fesod.sheet.head,ListHeadDataListener,Law of Demeter violation,The tool detected the smell in this method (invokeHead) because the method voilates the law of Demeter. The long chain of method invocations is : org.apache.fesod.sheet.read.metadata.holder.ReadRowHolder.getRowIndex; org.apache.fesod.sheet.context.AnalysisContext.readRowHolder,/data/henrique/langchain_prototype/ArchAgent/data/repositories/fesod/fesod-sheet/src/test/java/org/apache/fesod/sheet/head/ListHeadDataListener.java
fesod,org.apache.fesod.sheet.head,ListHeadDataListener,Law of Demeter violation,The tool detected the smell in this method (invokeHead) because the method voilates the law of Demeter. The long chain of method invocations is : org.apache.fesod.sheet.read.metadata.holder.ReadRowHolder.getRowIndex; org.apache.fesod.sheet.context.AnalysisContext.readRowHolder,/data/henrique/langchain_prototype/ArchAgent/data/repositories/fesod/fesod-sheet/src/test/java/org/apache/fesod/sheet/head/ListHeadDataListener.java
fesod,org.apache.fesod.sheet.temp,WriteLargeTest.EventExample,Global State,The tool detected the smell in this class because the class can be accessed as a `global` state.,/data/henrique/langchain_prototype/ArchAgent/data/repositories/fesod/fesod-examples/fesod-sheet-examples/src/test/java/org/apache/fesod/sheet/temp/WriteLargeTest.java
fesod,org.apache.fesod.sheet.temp.bug,ExcelCreat,Hard-wired Dependency,The tool detected the smell in this class because the class creates objects of concrete classes and uses them. Following concrete classes are instantiated and used: org.apache.fesod.sheet.ExcelWriter,/data/henrique/langchain_prototype/ArchAgent/data/repositories/fesod/fesod-examples/fesod-sheet-examples/src/test/java/org/apache/fesod/sheet/temp/bug/ExcelCreat.java
fesod,org.apache.fesod.sheet.temp.bug,ExcelCreat,Law of Demeter violation,The tool detected the smell in this method (main) because the method voilates the law of Demeter. The long chain of method invocations is : org.apache.fesod.sheet.write.builder.ExcelWriterSheetBuilder.build; org.apache.fesod.sheet.FesodSheet.writerSheet,/data/henrique/langchain_prototype/ArchAgent/data/repositories/fesod/fesod-examples/fesod-sheet-examples/src/test/java/org/apache/fesod/sheet/temp/bug/ExcelCreat.java
fesod,org.apache.fesod.sheet.temp.read,HDListener,Law of Demeter violation,The tool detected the smell in this method (invokeHeadMap) because the method voilates the law of Demeter. The long chain of method invocations is : org.apache.fesod.sheet.context.AnalysisContext.readSheetHolder; org.apache.fesod.sheet.read.metadata.holder.ReadSheetHolder.getTotal,/data/henrique/langchain_prototype/ArchAgent/data/repositories/fesod/fesod-examples/fesod-sheet-examples/src/test/java/org/apache/fesod/sheet/temp/read/HDListener.java
fesod,org.apache.fesod.sheet.temp.read,HDListener,Law of Demeter violation,The tool detected the smell in this method (invoke) because the method voilates the law of Demeter. The long chain of method invocations is : org.apache.fesod.sheet.read.metadata.holder.ReadRowHolder.getRowIndex; org.apache.fesod.sheet.context.AnalysisContext.readRowHolder,/data/henrique/langchain_prototype/ArchAgent/data/repositories/fesod/fesod-examples/fesod-sheet-examples/src/test/java/org/apache/fesod/sheet/temp/read/HDListener.java
fesod,org.apache.fesod.sheet.temp.read,HeadListener,Law of Demeter violation,The tool detected the smell in this method (invokeHeadMap) because the method voilates the law of Demeter. The long chain of method invocations is : org.apache.fesod.sheet.context.AnalysisContext.readSheetHolder; org.apache.fesod.sheet.read.metadata.holder.ReadSheetHolder.getTotal,/data/henrique/langchain_prototype/ArchAgent/data/repositories/fesod/fesod-examples/fesod-sheet-examples/src/test/java/org/apache/fesod/sheet/temp/read/HeadListener.java
fesod,org.apache.fesod.sheet.temp.read,HeadListener,Law of Demeter violation,The tool detected the smell in this method (invoke) because the method voilates the law of Demeter. The long chain of method invocations is : org.apache.fesod.sheet.read.metadata.holder.ReadRowHolder.getRowIndex; org.apache.fesod.sheet.context.AnalysisContext.readRowHolder,/data/henrique/langchain_prototype/ArchAgent/data/repositories/fesod/fesod-examples/fesod-sheet-examples/src/test/java/org/apache/fesod/sheet/temp/read/HeadListener.java
fesod,org.apache.fesod.sheet.temp.simple,HgListener,Law of Demeter violation,The tool detected the smell in this method (invoke) because the method voilates the law of Demeter. The long chain of method invocations is : org.apache.fesod.sheet.read.metadata.holder.ReadRowHolder.getRowIndex; org.apache.fesod.sheet.context.AnalysisContext.readRowHolder,/data/henrique/langchain_prototype/ArchAgent/data/repositories/fesod/fesod-examples/fesod-sheet-examples/src/test/java/org/apache/fesod/sheet/temp/simple/HgListener.java
